1,,Hi,No,,,,,,,,,,,,,,,,,,,,,,,,,,,,,,,,,,,,,,,,,,,,,,,,,,,,,,,,,,,,,,,,,,,,,,,,,,,,,,,,,,,,,,,,,,,,,,,,,,,,,,,,,,,,,,,,,,,,,,,,,,,,,,,,,,,,,,,,,,,,,,,,,,,,,,,,,,,,,,,,
2,test,test,No,,,,,,,,,,,,,,,,,,,,,,,,,,,,,,,,,,,,,,,,,,,,,,,,,,,,,,,,,,,,,,,,,,,,,,,,,,,,,,,,,,,,,,,,,,,,,,,,,,,,,,,,,,,,,,,,,,,,,,,,,,,,,,,,,,,,,,,,,,,,,,,,,,,,,,,,,,,,,,,,
3,Joshi,Viral,Yes,,,,,,,,,,,,,,,,,,,,,,,,,,,,,,,,,,,,,,,,,,,,,,,,,,,,,,,,,,,,,,,,,,,,,,,,,,,,,,,,,,,,,,,,,,,,,,,,,,,,,,,,,,,,,,,,,,,,,,,,,,,,,,,,,,,,,,,,,,,,,,,,,,,,,,,,,,,,,,,,
4,TEST,Joshi,Yes,,,,,,,,,,,,,,,,,,,,,,,,,,,,,,,,,,,,,,,,,,,,,,,,,,,,,,,,,,,,,,,,,,,,,,,,,,,,,,,,,,,,,,,,,,,,,,,,,,,,,,,,,,,,,,,,,,,,,,,,,,,,,,,,,,,,,,,,,,,,,,,,,,,,,,,,,,,,,,,,
5,test,test,Yes,test3,test3,test3,test3,test3,test3,test3,test3,,,,,,,,,,,,,,,,,,,,,,,,,,,,,,,,,,,,,,,,,,,,,,,,,,,,,,,,,,,,,,,,,,,,,,,,,,,,,,,,,,,,,,,,,,,,,,,,,,,,,,,,,,,,,,,,,,,,,,,,,,,,,,,,,,,,,,,,,,,,,,,,,,,,,,,,
6,test,test,Yes,test4,test4,test4,test4,test4,test4,test4,test4,Male,,,,,,,,,,,,,,,,,,,,,,,,,,,,,,,,,,,,,,,,,,,,,,,,,,,,,,,,,,,,,,,,,,,,,,,,,,,,,,,,,,,,,,,,,,,,,,,,,,,,,,,,,,,,,,,,,,,,,,,,,,,,,,,,,,,,,,,,,,,,,,,,,,,,,,,
7,Joshi,Viral,Yes,Joshi,virus,viru,test,test,test,test,test,Male,1,9,9,4,0,8,0,6,,,,,,,,,,,,,,,,,,,,,,,,,,,,,,,,,,,,,,,,,,,,,,,,,,,,,,,,,,,,,,,,,,,,,,,,,,,,,,,,,,,,,,,,,,,,,,,,,,,,,,,,,,,,,,,,,,,,,,,,,,,,,,,,,,,,,,,,,,,,,,,
8,test,Viral,No,,,,,,,,,Male,1,9,9,4,0,8,0,6,No,,,,,,,,,,,,,,,,,,,,,,,,,,,,,,,,,,,,,,,,,,,,,,,,,,,,,,,,,,,,,,,,,,,,,,,,,,,,,,,,,,,,,,,,,,,,,,,,,,,,,,,,,,,,,,,,,,,,,,,,,,,,,,,,,,,,,,,,,,,,,,
9,test,Viral,No,,,,,,,,,Male,2,3,3,3,2,1,3,2,No,No,,,,,,,,,,,,,,,,,,,,,,,,,,,,,,,,,,,,,,,,,,,,,,,,,,,,,,,,,,,,,,,,,,,,,,,,,,,,,,,,,,,,,,,,,,,,,,,,,,,,,,,,,,,,,,,,,,,,,,,,,,,,,,,,,,,,,,,,,,,,,
10,test,Hi,No,,,,,,,,,Male,1,9,9,4,0,8,0,6,No,Yes,111161615616,Ontario,,,,,,,,,,,,,,,,,,,,,,,,,,,,,,,,,,,,,,,,,,,,,,,,,,,,,,,,,,,,,,,,,,,,,,,,,,,,,,,,,,,,,,,,,,,,,,,,,,,,,,,,,,,,,,,,,,,,,,,,,,,,,,,,,,,,,,,,,,,
11,,,,,,,,,,,,,,,,,,,,,,,,,,,,,,,,,,,,,,,,,,,,,,,,,,,,,,,,,,,,,,,,,,,,,,,,,,,,,,,,,,,,,,,,,,,,,,,,,,,,,,,,,,,,,,,,,,,,,,,,,,,,,,,,,,,,,,,,,,,,,,,,,,,,,,,,,,,,,,,,,,,
12,test,Test,No,,,,,,,,,Male,1,9,9,9,0,8,0,6,No,Yes,123232,Ontario,Yes,pwoc,5456454,"Bulbourne Drive",,,,,,,,,,,,,,,,,,,,,,,,,,,,,,,,,,,,,,,,,,,,,,,,,,,,,,,,,,,,,,,,,,,,,,,,,,,,,,,,,,,,,,,,,,,,,,,,,,,,,,,,,,,,,,,,,,,,,,,,,,,,,,,,,,,,,,,
13,test,test,No,,,,,,,,,Male,1,1,1,5,6,5,1,5,No,No,,,No,,,test,test,Ontario,m9v3n4,Canada,English,,,,,,,,,,,,,,,,,,,,,,,,,,,,,,,,,,,,,,,,,,,,,,,,,,,,,,,,,,,,,,,,,,,,,,,,,,,,,,,,,,,,,,,,,,,,,,,,,,,,,,,,,,,,,,,,,,,,,,,,,,,,,,,,,,
14,test,test,Yes,test,test,test,test,test,test,test,test,Male,1,1,1,6,4,6,6,6,No,No,,,No,,,"Bulbourne Drive",test,Ontario,m9v3n4,Canada,English,test,test,test,test,test,1,1,6,1,1,5,,,,,,,,,,,,,,,,,,,,,,,,,,,,,,,,,,,,,,,,,,,,,,,,,,,,,,,,,,,,,,,,,,,,,,,,,,,,,,,,,,,,,,,,,,,,,,,,,,,,,,,,,,,,,,,,,,,,,,,
15,test,test,No,,,,,,,,,Male,1,1,1,5,5,1,3,3,No,No,,,No,,,"Bulbourne Drive",trest,trest,test,test,English,test,test,Ontario,Canada,m9v3n4,1,2,3,3,3,3,test,test,test,test,test,1,1,3,1,1,1,1,3,3,1,3,3,,,,,,,,,,,,,,,,,,,,,,,,,,,,,,,,,,,,,,,,,,,,,,,,,,,,,,,,,,,,,,,,,,,,,,,,,,,,,,,,,,,,,,,,,,,,,,,,,,,,,,
16,test,test,No,,,,,,,,,Male,1,2,5,6,5,5,5,5,No,No,,,No,,,test,test,Ontario,m9v3n4,Canada,English,test,test,test,test,test,1,5,5,1,6,6,61,611,16,1,61,1,6,5,1,1,6,1,5,1,5,5,4,test,test,test,test,test,1,2,5,6,4,5,5,1,1,1,5,1,,,,,,,,,,,,,,,,,,,,,,,,,,,,,,,,,,,,,,,,,,,,,,,,,,,,,,,,,,,,,,,,,,,,,,,,,,,,,,,,,,,,,
17,test,test,No,,,,,,,,,Male,1,6,5,1,6,1,1,6,No,No,,,No,,,test,test,Ontario,m9v3n4,Canada,English,test,test,test,test,test,1,6,1,5,5,6,test,test,test,test,test,1,6,5,1,5,5,5,6,6,5,5,5,test,test,test,test,test,1,1,5,5,5,1,5,5,5,5,5,5,test,test,test,test,test,1,1,5,1,6,1,1,6,5,1,4,,,,,,,,,,,,,,,,,,,,,,,,,,,,,,,,,,,,,,,,,,,,,,,,,,,,,,,,,,,,,,,,,,,,,
18,test,test,Yes,test,test,test,test,test,test,test,test,Male,4,1,5,1,1,6,6,5,No,No,,,No,,,test,test,Ontario,m9v3n4,Canada,English,test,test,Ontario,Canada,m9v3n4,1,5,6,5,1,5,test,test,Ontario,Canada,m9v3n4,1,6,5,5,5,1,1,1,5,5,5,5,test,test,Ontario,Canada,m9v3n4,1,5,5,1,5,1,4,5,4,4,4,6,test,test,Ontario,Canada,m9v3n4,1,5,5,5,5,5,1,5,5,5,6,,"test test",1,6,5,5,1,1,6,5,,,,,,,,,,,,,,,,,,,,,,,,,,,,,,,,,,,,,,,,,,,,,,,,,,,,,,,,,,,
19,test,test,No,,,,,,,,,Male,1,1,1,6,1,5,1,1,No,No,,,No,,,test,test,Ontario,m9v3n4,Canada,English,test,test,test,test,test,1,1,5,1,1,5,test,test,test,test,test,1,6,5,6,5,5,6,1,6,5,1,5,test,test1233,test12332,tested,zedd,1,6,1,6,5,1,4,5,4,4,5,4,testded,tedabjbj,bcdhjbshjchj,tetsvuv,yvudceu,1,1,5,1,5,4,6,4,6,5,6,,"test test",1,1,5,5,5,5,5,6,5195024375,Yes,,,,,,,,,,,,,,,,,,,,,,,,,,,,,,,,,,,,,,,,,,,,,,,,,,,,,,,,,
20,Joshi,Viral,No,,,,,,,,,Male,1,9,9,4,0,6,0,8,No,Yes,111161615616,Ontario,,,,"Bulbourne Drive",test,Ontario,m9v3n4,Canada,,test,test,Ontario,Canada,n2c2p6,,,,,,,"19 Mudra villa, Near Vanlila Society, Manjalpur,",Vadodara,Gujarat,India,390011,,,,,,,,,,,,,,,,,,,,,,,,,,,,,,,,,,,,,,,,,,,,,,,"Joshi Viral Jayeshbhai",1,9,9,4,0,6,0,8,5195024375,Yes,,,,,,,,,,,,,,,,,,,,,,,,,,,,,,,,,,,,,,,,,,,,,,,,,,,,,,,,,
21,test,test,No,,,,,,,,,Male,1,9,9,4,0,6,0,8,No,Yes,111161615616,Ontario,Yes,pwoc,5456454,"Bulbourne Drive",test,Ontario,m9v3n4,Canada,English,test,test,Ontario,Canada,n2c2p6,1,8,1,9,9,9,"19 Mudra villa, Near Vanlila Society, Manjalpur,",Vadodara,Gujarat,India,390011,1,1,8,6,5,5,6,1,1,6,1,5,,,,,,,,,,,,,,,,,,,,,,,,,,,,,,,,,,,"Joshi Viral Jayeshbhai",1,9,9,4,0,6,0,8,5195024375,No,viraljoshi357814@gmail.com,,,,,,,,,,,,,,,,,,,,,,,,,,,,,,,,,,,,,,,,,,,,,,,,,,,,,,,,
22,test,test,No,,,,,,,,,Male,1,1,9,4,0,5,0,6,No,No,,,No,,,test,test,Ontario,m9v3n4,Canada,English,test,test,test,test,test,1,1,5,5,1,5,561,16,1,1561,56,5,5,6,6,6,5,5,6,5,6,5,5,5,561,1,16,11,,,,,,,,,,,,,,test,Ontario,Canada,m9v3n4,,,,,,,,,,,,,"test test",1,6,5,5,6,5,5,5,5195024375,No,viraljoshi357814@gmail.com,,,,,,,,,,,,,,,,,,,,,,,,,,,,,,,,,,,,,,,,,,,,,,,,,,,,,,,,
23,test,test,No,,,,,,,,,Male,1,1,9,4,0,5,0,6,No,No,,,No,,,test,test,Ontario,m9v3n4,Canada,English,test,test,test,test,test,1,1,5,5,1,5,561,16,1,1561,56,5,5,6,6,6,5,5,6,5,6,5,5,5,561,1,16,11,,,,,,,,,,,,,,test,Ontario,Canada,m9v3n4,,,,,,,,,,,,,"test test",1,6,5,5,6,5,5,5,5195024375,No,viraljoshi357814@gmail.com,,,,,,,,,,,,,,,,,,,,,,,,,,,,,,,,,,,,,,,,,,,,,,,,,,,,,,,,
24,test,test,,,,,,,,,,,,,,,,,,,,,,,,,,,test,Ontario,m9v3n4,Canada,,test,,,,,,,,,,,,,,,,,,,,,,,,,,,,,,,,,,,,,,,,,,,,,,,,,,,,,,,,,,,,,,,,,,,,,,,,No,viraljoshi357814@gmail.com,,,,,,,,,,,,,,,,,,,,,,,,,,,,,,,,,,,,,,,,,,,,,,,,,,,,,,,,
25,,,,,,,,,,,,,,,,,,,,,,,,,,,,,,,,,,,,,,,,,,,,,,,,,,,,,,,,,,,,,,,,,,,,,,,,,,,,,,,,,,,,,,,,,,,,,,,,,,,,,,,,,,,,YES,"GEETA JOSHI",9687625905,,,,,,,,,,,,,,,,,,,,,,,,,,,,,,,,,,,,,,,,,,,,,,,,,,,,,
26,Joshi,"Viral Jayeshbhai",No,,,,,,,,,Male,1,9,9,4,0,8,0,6,No,No,,,No,,,test,teste,test,test,test,English,test,test,teste,test,test,1,9,9,9,9,9,test,test,test,test,test,1,5,5,5,7,9,9,9,4,4,1,6,,,,,,,,,,,,,,,,,,,,,,,,,,,,,,,,,,,Joshi,1,9,1,8,4,8,4,4,5195024375,No,viral123@gmail.com,,,,,,,,,,,,,,,,,,,,,,,,,,,,,,,,,,,,,,,,,,,,,,,,,,,,,,,,
27,,,,,,,,,,,,,,,,,,,,,,,,,,,,,,,,,,,,,,,,,,,,,,,,,,,,,,,,,,,,,,,,,,,,,,,,,,,,,,,,,,,,,,,,,,,,,,,,,,,,,,,,,,Yes,,,,,,,,,,,,,,,,,,,,,,,,,,,,,,,,,,,,,,,,,,,,,,,,,,,,,,,,,
28,,,,,,,,,,,,,,,,,,,,,,,,,,,,,,,,,,,,,,,,,,,,,,,,,,,,,,,,,,,,,,,,,,,,,,,,,,,,,,,,,,,,,,,,,,,,,,,,,,,,,,,,,,Yes,,Yes,test,test,,,,,,,,,,,,,,,,,,,,,,,,,,,,,,,,,,,,,,,,,,,,,,,,,,,,,
29,,,,,,,,,,,,,,,,,,,,,,,,,,,,,,,,,,,,,,,,,,,,,,,,,,,,,,,,,,,,,,,,,,,,,,,,,,,,,,,,,,,,,,,,,,,,,,,,,,,,,,,,,,Yes,,Yes,"test test",5195024375,No,56515156156,1,9,9,9,9,9,9,9,9,9,9,9,9,9,9,9,,,,,,,,,,,,,,,,,,,,,,,,,,,,,,,,,,,
30,,,,,,,,,,,,,,,,,,,,,,,,,,,,,,,,,,,,,,,,,,,,,,,,,,,,,,,,,,,,,,,,,,,,,,,,,,,,,,,,,,,,,,,,,,,,,,,,,,,,,,,,,,Yes,,Yes,test,test,,,,,,,,,,,,,,,,,,,,,,,,,,,,,,,,,,,,,,,,,,,,,,,,,,,,,
31,,,,,,,,,,,,,,,,,,,,,,,,,,,,,,,,,,,,,,,,,,,,,,,,,,,,,,,,,,,,,,,,,,,,,,,,,,,,,,,,,,,,,,,,,,,,,,,,,,,,,,,,,,,,,,,,,,,,,,,,,,,,,,,,,24,"Bulbourne Road",Etobicoke,m9v3n4,Ontario,m9v3n4,,,,,,,,,,,,,,,,,,,,,,,,,,,,,
32,,,,,,,,,,,,,,,,,,,,,,,,,,,,,,,,,,,,,,,,,,,,,,,,,,,,,,,,,,,,,,,,,,,,,,,,,,,,,,,,,,,,,,,,,,,,,,,,,,,,,,,,,,,,,,,,,,,,,,,,,,,,,,,,,,,,,,,test,test,test,test,test,test,test,test,test,test,test,test,test,test,test,test,test,test,test,test,,,,,,,,,
33,,,,,,,,,,,,,,,,,,,,,,,,,,,,,,,,,,,,,,,,,,,,,,,,,,,,,,,,,,,,,,,,,,,,,,,,,,,,,,,,,,,,,,,,,,,,,,,,,,,,,,,,,,,,,,,,,,,,,,,,,,,,,,,,,,,,,,,test,todaysdate_y1,todaysdate_y1,todaysdate_y1,todaysdate_y1,todaysdate_y1,todaysdate_y1,todaysdate_y1,todaysdate_y1,todaysdate_y1,test,test,test,test,test,test,test,test,test,test,"Viral Joshi",2,0,1,9,0,7,1,0
34,Joshi,test,No,,,,,,,,,Male,,9,9,4,0,6,0,8,No,Yes,111161615616,Ontario,Yes,pwoc,26222,"24 Bulbourne Drive",test,ON,n2c2p6,Canada,English,"19 Mudra villa, Near Vanlila Society, Manjalpur,",Vadodara,Gujarat,India,390011,2,0,1,7,1,2,,,,,,,,,,,,,,,,,,,,,,,,,,,,,,,,,,,,,Ontario,Canada,m9v3n4,,,,,,,,,,,,,"Viral Jayeshbhai Joshi",1,9,9,4,0,8,0,6,5195024375,Yes,,No,,,No,,1,1,5,5,5,5,5,5,6,1,5,5,1,1,5,1,24,"Bulbourne Road",test,test,Ontario,m9v3n4,test,test,test,test,test,test,test,test,test,test,,,,,,,,,,,"Viral Joshi",2,0,1,9,0,7,1,0
35,,,,,,,,,,,,,,,,,,,,,,,,,,,,,,,,,,,,,,,,,,,,,,,,,,,,,,,,,,,,,,,,,,,,,,,,,,,,,,,,,,,,,,,,,,,,,,,,,,,,,,,,,,,,,,,,,,,,,,,,,,,,,,,,,,,,,,,,,,,,,,,,,,,,,,,,,,,,,,,,,,,
36,,,,,,,,,,,,,,,,,,,,,,,,,,,,,,,,,,,,,,,,,,,,,,,,,,,,,,,,,,,,,,,,,,,,,,,,,,,,,,,,,,,,,,,,,,,,,,,,,,,,,,,,,,,,,,,,,,,,,,,,,,,,,,,,,,,,,,,,,,,,,,,,,,,,,,,,,,,,,,,,,,,
37,dscdasc,cdascdas,,,,,,,,,,,,,,,,,,,,,,,,,,,,,,,,,,,,,,,,,,,,,,,,,,,,,,,,,,,,,,,,,,,,,,,,,,,,,,,,,,,,,,,,,,,,,,,,,,,,,,,,,,,,,,,,,,,,,,,,,,,,,,,,,,,,,,,,,,,,,,,,,,,,,,,,,,,,,,,,,
38,xASX," CASDC SD",No,,,,,,,,,,,,,,,,,,,,,,,,,,,,,,,,,,,,,,,,,,,,,,,,,,,,,,,,,,,,,,,,,,,,,,,,,,,,,,,,,,,,,,,,,,,,,,,,,,,,,,,,,,,,,,,,,,,,,,,,,,,,,,,,,,,,,,,,,,,,,,,,,,,,,,,,,,,,,,,,
